Name,GitHubURL
"Aashutosh
                                    
                                                                                                        K",https://github.com/double-a11y
"Abe
                                    
                                                                                                        Jellinek",https://github.com/AbeJellinek
"Abin
                                    
                                                                                                        Paul",https://github.com/abinpaul1
"Adam
                                    
                                                                                                        Newman",https://github.com/anewmandev
"Adam
                                    
                                                                                                        Page",https://github.com/adampage
"Addison
                                    
                                                                                                        Phillips",https://github.com/aphillips
"Adrian
                                    
                                                                                                        Hope-Bailie",https://github.com/adrianhopebailie
"Adrian
                                    
                                                                                                        Roselli",https://github.com/aardrian
"Alain
                                    
                                                                                                        Vagner",https://github.com/AlainVagner
"Alberto
                                    
                                                                                                        Fernandez-de-Retana",https://github.com/AlbertoFDR
"Alejandra
                                    
                                                                                                        Gonzalez Beltran",https://github.com/agbeltran
"Alexander
                                    
                                                                                                        Dawson",https://github.com/AlexDawsonUK
"Alisa
                                    
                                                                                                        Bonsignore",
"Amir
                                    
                                                                                                        Sharif",https://github.com/Sh-Amir
"Anatoly
                                    
                                                                                                        Scherbakov",https://github.com/anatoly-scherbakov
"Andre
                                    
                                                                                                        Büttner",https://github.com/abuettner
"Andrea
                                    
                                                                                                        Perego",https://github.com/andrea-perego
"Andreas
                                    
                                                                                                        Kling",https://github.com/awesomekling
"Andreas
                                    
                                                                                                        Rossberg",https://github.com/rossberg
"Andreas
                                    
                                                                                                        Tai",https://github.com/andreastai
"Andrew
                                    
                                                                                                        Cunningham",
"Andrew
                                    
                                                                                                        Wright",https://github.com/awright1979-alt
"Andy
                                    
                                                                                                        Manea",
"Angela
                                    
                                                                                                        Barker",
"Annalu
                                    
                                                                                                        Waller",https://github.com/annaluwaller
"Anne
                                    
                                                                                                        Faubry",https://github.com/AnneFa
"Anthony
                                    
                                                                                                        Nadalin",https://github.com/nadalin
"Arman
                                    
                                                                                                        Aygen",
"Arthur
                                    
                                                                                                        Coleman",
"Ashley
                                    
                                                                                                        Firth",https://github.com/MrFirthy
"Ashley
                                    
                                                                                                        Sommer",https://github.com/ashleysommer
"Audrey
                                    
                                                                                                        Maniez",https://github.com/audreymaniez
"Ayşegül
                                    
                                                                                                        Yönet",https://github.com/Yonet
"Azlan
                                    
                                                                                                        Cuttilan",https://github.com/hereticsun
"Bastian
                                    
                                                                                                        Krol",https://github.com/basti1302
"Beau Morgan
                                    
                                                                                                        Murrah",https://github.com/airbr
"Becky
                                    
                                                                                                        Gibson",https://github.com/becka11y
"Ben
                                    
                                                                                                        Francis",https://github.com/benfrancis
"Benjamin
                                    
                                                                                                        Goering",https://github.com/gobengo
"Betsy
                                    
                                                                                                        Fanning",
"Bhavani Shankar
                                    
                                                                                                        Garikapati",https://github.com/gbshankar
"Bianca
                                    
                                                                                                        Berning",
"Bobby
                                    
                                                                                                        Tung",
"Brad
                                    
                                                                                                        Kemper",https://github.com/bradkemper
"Brady
                                    
                                                                                                        Duga",https://github.com/bduga
"Bram
                                    
                                                                                                        Janssens",https://github.com/bworx
"Brian
                                    
                                                                                                        Birtles",https://github.com/birtles
"Brian
                                    
                                                                                                        May",https://github.com/bmayd
"Brian
                                    
                                                                                                        Richter",https://github.com/brianorwhatever
"Brigitte
                                    
                                                                                                        Thomas",
"Bruce
                                    
                                                                                                        Bailey",https://github.com/bruce-usab
"Bruno
                                    
                                                                                                        Vavala",https://github.com/bvavala
"Bryan
                                    
                                                                                                        Garaventa",https://github.com/accdc
"Caroline
                                    
                                                                                                        Burle",https://github.com/cburle
"Cassondra
                                    
                                                                                                        Roberts",https://github.com/castastrophe
"Charith
                                    
                                                                                                        Perera",https://github.com/ngcharithperera
"Charles
                                    
                                                                                                        Lehner",https://github.com/clehner
"Chiara
                                    
                                                                                                        Cerretti",https://github.com/chiace
"Chris
                                    
                                                                                                        Adams",https://github.com/mrchrisadams
"Chris
                                    
                                                                                                        Blume",https://github.com/ProgramMax
"Chris
                                    
                                                                                                        Johnson",
"Christian
                                    
                                                                                                        Bromann",https://github.com/christian-bromann
"Christine
                                    
                                                                                                        Perey",https://github.com/cperey
"Christine
                                    
                                                                                                        Runnegar",
"Christoph
                                    
                                                                                                        Guttandin",https://github.com/chrisguttandin
"Christopher
                                    
                                                                                                        Allen",https://github.com/ChristopherA
"Christopher
                                    
                                                                                                        Lorenzo",https://github.com/chiefcll
"Cleyra
                                    
                                                                                                        Uzcategui",https://github.com/Cleyrauz
"Connor
                                    
                                                                                                        Fitzgerald",https://github.com/cwfitzgerald
"Conrad
                                    
                                                                                                        Watt",
"Cosmin
                                    
                                                                                                        Truta",https://github.com/ctruta
"Cristiano
                                    
                                                                                                        Aguzzi",https://github.com/relu91
"Crystal
                                    
                                                                                                        Preston-Watson",https://github.com/CrystalPrestonWatson
"Cybele
                                    
                                                                                                        Sack",
"Cynthia
                                    
                                                                                                        Shelly",https://github.com/cyns
"Dael
                                    
                                                                                                        Jackson",https://github.com/daelj
"Dale
                                    
                                                                                                        Rogers",https://github.com/dalerrogers
"Dan
                                    
                                                                                                        Brickley",https://github.com/danbri
"Dan
                                    
                                                                                                        Shappir",
"Dan
                                    
                                                                                                        Yamamoto",https://github.com/yamdan
"Daniel
                                    
                                                                                                        Burnett",https://github.com/burnburn
"Daniel
                                    
                                                                                                        Hardman",https://github.com/dhh1128
"Daniël
                                    
                                                                                                        Beeke",https://github.com/danielbeeke
"Dariusz
                                    
                                                                                                        Drezno",
"David
                                    
                                                                                                        Benoit",https://github.com/davidbenoit
"David
                                    
                                                                                                        Browning",https://github.com/davebrowning
"David
                                    
                                                                                                        Burns",https://github.com/AutomatedTester
"David
                                    
                                                                                                        Carlisle",https://github.com/davidcarlisle
"David
                                    
                                                                                                        Chadwick",https://github.com/David-Chadwick
"David
                                    
                                                                                                        Clarke",
"David
                                    
                                                                                                        Dabbs",https://github.com/dmdabbs
"David
                                    
                                                                                                        Farmer",https://github.com/davidfarmer
"David
                                    
                                                                                                        Fazio",https://github.com/Helixopp
"David
                                    
                                                                                                        MacDonald",https://github.com/DavidMacDonald
"Deborah
                                    
                                                                                                        Dahl",https://github.com/dadahl
"Denis
                                    
                                                                                                        Didier",
"Dennis
                                    
                                                                                                        Müller",https://github.com/Jazzpirate
"Detlev
                                    
                                                                                                        Fischer",https://github.com/detlevhfischer
"Deyan
                                    
                                                                                                        Ginev",https://github.com/dginev
"Diego
                                    
                                                                                                        Molina",https://github.com/diemol
"Dj
                                    
                                                                                                        Chase",https://github.com/u9000-Nine
"Dmitri
                                    
                                                                                                        Zagidulin",https://github.com/dmitrizagidulin
"Dominik
                                    
                                                                                                        Tomaszuk",https://github.com/domel
"Don
                                    
                                                                                                        Marti",https://github.com/dmarti
"Dr. Humera Noor
                                    
                                                                                                        Minhas",https://github.com/humeranoor
"Drummond
                                    
                                                                                                        Reed",https://github.com/talltree
"Duff
                                    
                                                                                                        Johnson",https://github.com/DuffJohnson
"Dylan
                                    
                                                                                                        Fox",https://github.com/dylan-fox
"Dörthe
                                    
                                                                                                        Arndt",https://github.com/doerthe
"E.a.
                                    
                                                                                                        Draffan",https://github.com/eadraffan
"Elaine
                                    
                                                                                                        Wooton",https://github.com/ewoogit
"Enrico
                                    
                                                                                                        Franconi",https://github.com/franconi
"Eric
                                    
                                                                                                        Hellman",
"Eric
                                    
                                                                                                        Hind",
"Eric
                                    
                                                                                                        Prud'hommeaux",https://github.com/ericprud
"Eugenio Kim
                                    
                                                                                                        Cerra",https://github.com/KimCerra
"Farshid
                                    
                                                                                                        Tavakolizadeh",https://github.com/farshidtz
"Fatma
                                    
                                                                                                        Chamekh",
"Fershad
                                    
                                                                                                        Irani",https://github.com/fershad
"Florian
                                    
                                                                                                        Rivoal",https://github.com/frivoal
"Francesco
                                    
                                                                                                        Fullone",https://github.com/fullo
"Frankie
                                    
                                                                                                        Wolf",https://github.com/frankie-wolf
"François
                                    
                                                                                                        Burra",https://github.com/FrancoisBurra
"François
                                    
                                                                                                        Remy",https://github.com/FremyCompany
"François
                                    
                                                                                                        Yergeau",
"Fredrik
                                    
                                                                                                        Fischer",https://github.com/fredrika11y
"Gabe
                                    
                                                                                                        Cohen",https://github.com/decentralgabe
"Gael
                                    
                                                                                                        Duez",https://github.com/gaelduez
"Gareth
                                    
                                                                                                        Slinn",https://github.com/garethslinn
"Garrett
                                    
                                                                                                        Johnson",
"Gary
                                    
                                                                                                        Katsevman",https://github.com/gkatsev
"George
                                    
                                                                                                        Fletcher",https://github.com/gffletch
"Gert-Jan
                                    
                                                                                                        Vercauteren",
"Giorgio
                                    
                                                                                                        Maone",
"Giovanni
                                    
                                                                                                        Corti",https://github.com/BDADAD-stack
"Gleidson
                                    
                                                                                                        Ramos",https://github.com/arctouch-gleidsonramos
"Glenn
                                    
                                                                                                        Adams",https://github.com/skynavga
"Gottfried
                                    
                                                                                                        Zimmermann",https://github.com/gozimmermann
"Graham
                                    
                                                                                                        Ritchie",https://github.com/GrahamTheDevRel
"Greg
                                    
                                                                                                        Bernstein",https://github.com/Wind4Greg
"Gregg
                                    
                                                                                                        Vanderheiden",https://github.com/GreggVan
"Guillaume
                                    
                                                                                                        Lebas",https://github.com/cdoublev
"Hadrian
                                    
                                                                                                        Zbarcea",https://github.com/hzbarcea
"Hannah
                                    
                                                                                                        Smith",https://github.com/hanopcan
"Helen
                                    
                                                                                                        Burge",https://github.com/HelenBurge
"Ines
                                    
                                                                                                        Akrap",https://github.com/ines-akrap
"Irfan
                                    
                                                                                                        Ali",https://github.com/alia11y
"Jackson
                                    
                                                                                                        Morgan",https://github.com/jaxoncreed
"Jacopo
                                    
                                                                                                        Scazzosi",https://github.com/jacoscaz
"Jake
                                    
                                                                                                        Abma",
"James
                                    
                                                                                                        Barclay",https://github.com/futureimperfect
"James
                                    
                                                                                                        Christie",
"Jamie
                                    
                                                                                                        Herrera",https://github.com/jamieherrera
"Jan
                                    
                                                                                                        McSorley",
"Jan
                                    
                                                                                                        Romann",https://github.com/JKRhb
"Janina
                                    
                                                                                                        Sajka",https://github.com/JaninaSajka
"Jason
                                    
                                                                                                        Pamental",
"Jason
                                    
                                                                                                        White",https://github.com/jasonjgw
"Jeff
                                    
                                                                                                        Kline",https://github.com/jeffkline
"Jennifer
                                    
                                                                                                        Delisi",
"Jennifer
                                    
                                                                                                        Strickland",https://github.com/jenstrickland
"Jennifer X
                                    
                                                                                                        Zhang",https://github.com/jxlz
"Jinho
                                    
                                                                                                        Bang",https://github.com/romandev
"Joe
                                    
                                                                                                        Humbert",https://github.com/jha11y
"Joel
                                    
                                                                                                        Sahleen",https://github.com/jsahleen
"Joey
                                    
                                                                                                        Stanford",https://github.com/rinchen
"Johannes
                                    
                                                                                                        Wilm",https://github.com/johanneswilm
"John
                                    
                                                                                                        Birch",
"John
                                    
                                                                                                        Foliot",https://github.com/johnfoliot
"John
                                    
                                                                                                        Hudson",https://github.com/tiroj
"John
                                    
                                                                                                        Kirkwood",https://github.com/CityMouse
"John
                                    
                                                                                                        Klensin",
"John
                                    
                                                                                                        Rochford",https://github.com/JohnRochfordUMMS
"John
                                    
                                                                                                        Simmons",https://github.com/johnsim
"Jon
                                    
                                                                                                        Gibbins",https://github.com/dotjay
"Jonathan
                                    
                                                                                                        Neal",https://github.com/jonathantneal
"Joseph
                                    
                                                                                                        Heenan",https://github.com/jogu
"Joshue
                                    
                                                                                                        O'Connor",https://github.com/joshueoconnor
"Julian
                                    
                                                                                                        Kittelson-Aldred",https://github.com/julianmka
"Justin
                                    
                                                                                                        Brookman",https://github.com/j-br0
"Kaliya
                                    
                                                                                                        Young",https://github.com/Identitywoman
"Karla
                                    
                                                                                                        Rubiano",https://github.com/kdrubianoc
"Katharina
                                    
                                                                                                        Schleidt",https://github.com/KathiSchleidt
"Kathy
                                    
                                                                                                        Eng",https://github.com/kengdoj
"Kazue
                                    
                                                                                                        Sako",
"Kazuyuki
                                    
                                                                                                        Ashimura",https://github.com/ashimura
"Keith (Dr. Keith)
                                    
                                                                                                        Newton",https://github.com/newtonsgroove
"Kelsey
                                    
                                                                                                        Gilbert",https://github.com/kdashg
"Ki-Eun
                                    
                                                                                                        Shin",https://github.com/Kieun
"Kieran
                                    
                                                                                                        Farr",https://github.com/kfarr
"Kim
                                    
                                                                                                        Duffy",https://github.com/kimdhamilton
"Kimberly
                                    
                                                                                                        Patch",
"Konstantinos
                                    
                                                                                                        Kotis",https://github.com/KotisK
"Krzysztof
                                    
                                                                                                        Modras",https://github.com/chrmod
"Kurt
                                    
                                                                                                        Cagle",https://github.com/kurtcagle
"Lars
                                    
                                                                                                        Knudsen",
"Lars G.
                                    
                                                                                                        Svensson",https://github.com/larsgsvensson
"Laura
                                    
                                                                                                        Brady",https://github.com/LauraB7
"Laura
                                    
                                                                                                        Carlson",https://github.com/lauracarlson
"Laura
                                    
                                                                                                        Miller",https://github.com/Lboniello
"Laurent
                                    
                                                                                                        Devernay Satyagraha",https://github.com/ldevernay
"Lea
                                    
                                                                                                        Verou",https://github.com/LeaVerou
"Leandro
                                    
                                                                                                        S. Guedes",https://github.com/Skooth
"Lee
                                    
                                                                                                        Mighdoll",https://github.com/mighdoll
"Lei
                                    
                                                                                                        Mu",https://github.com/NalaGinrut
"Lennart
                                    
                                                                                                        Grahl",https://github.com/lgrahl
"Leonard
                                    
                                                                                                        Daly",https://github.com/DRx3D
"Lisa
                                    
                                                                                                        Seeman-Horwitz",https://github.com/lseeman
"Livio
                                    
                                                                                                        Robaldo",https://github.com/liviorobaldo
"Lluís Alfons
                                    
                                                                                                        Ariño Martin",https://github.com/larinyo
"Lola
                                    
                                                                                                        Odelola",https://github.com/lolaodelola
"Louis
                                    
                                                                                                        Maher",https://github.com/ljmaher
"Luca
                                    
                                                                                                        Barbato",https://github.com/lu-zero
"Lukasz
                                    
                                                                                                        Olejnik",
"Luís
                                    
                                                                                                        de Sousa",https://github.com/ldesousa
"Madeleine
                                    
                                                                                                        Rothberg",https://github.com/madeleinerothberg
"Mahmood
                                    
                                                                                                        Afshari",
"Makoto
                                    
                                                                                                        Ueki",https://github.com/MakotoUeki
"Mark
                                    
                                                                                                        Miller",
"Mark
                                    
                                                                                                        Vickers",https://github.com/mavgit
"Martin
                                    
                                                                                                        Dürst",https://github.com/duerst
"Maryam
                                    
                                                                                                        Mehrnezhad",
"Mathis
                                    
                                                                                                        Brossier",https://github.com/k2d222
"Matitiahu
                                    
                                                                                                        Allouche",
"Matt
                                    
                                                                                                        Goldberg",https://github.com/mgberg
"Matt
                                    
                                                                                                        Simpson",https://github.com/mattsimpson3
"Matthieu
                                    
                                                                                                        Bosquet",https://github.com/matthieubosquet
"Mehmet Oguz
                                    
                                                                                                        Derin",https://github.com/mehmetoguzderin
"Melanie
                                    
                                                                                                        Philipp",https://github.com/melaniephilipp
"Meryl
                                    
                                                                                                        Evans",
"Michael
                                    
                                                                                                        Jones",https://github.com/selfissued
"Michael
                                    
                                                                                                        Koster",https://github.com/mjkoster
"Michael
                                    
                                                                                                        Markevich",https://github.com/michael-markevich
"Michael
                                    
                                                                                                        McCool",https://github.com/mmccool
"Michele
                                    
                                                                                                        Orru",https://github.com/mmaker
"Michelle
                                    
                                                                                                        Vu",https://github.com/valiantvu
"Michiel
                                    
                                                                                                        De Backker",https://github.com/backkem
"Mike
                                    
                                                                                                        Beganyi",https://github.com/mbeganyi-a11y
"Mike
                                    
                                                                                                        Dolan",https://github.com/mikedo
"Mike
                                    
                                                                                                        Gifford",https://github.com/mgifford
"Mike
                                    
                                                                                                        Pluke",https://github.com/mapluke
"Mikhail
                                    
                                                                                                        Barash",https://github.com/mikbar-uib
"Milena
                                    
                                                                                                        Risi",
"Miriam
                                    
                                                                                                        Suzanne",https://github.com/mirisuzanne
"Monty
                                    
                                                                                                        Wiseman",
"Motunrayo
                                    
                                                                                                        Adebayo",
"Murray
                                    
                                                                                                        Sargent",https://github.com/MurrayIII
"Nadine
                                    
                                                                                                        Auer",https://github.com/NadineAuer
"Nahuai
                                    
                                                                                                        Badiola",
"Neha
                                    
                                                                                                        Jadhav",https://github.com/nehamjadhav
"Neil
                                    
                                                                                                        Clark",
"Neil
                                    
                                                                                                        Soiffer",https://github.com/NSoiffer
"Nick
                                    
                                                                                                        Lewis",https://github.com/the-sustainabledev
"Nick
                                    
                                                                                                        Telford-Reed",https://github.com/mountainhippo
"Nicola
                                    
                                                                                                        Bonotto",https://github.com/nicolabonotto
"Niklas
                                    
                                                                                                        Egger",https://github.com/niklasegger
"Nishant
                                    
                                                                                                        Kaushik",https://github.com/fidonishant
"Nolan
                                    
                                                                                                        Lawson",https://github.com/nolanlawson
"Ognjen
                                    
                                                                                                        Savkovic",https://github.com/osavkovic
"Olaf
                                    
                                                                                                        Hartig",https://github.com/hartig
"Oliver
                                    
                                                                                                        Winks",
"Otto
                                    
                                                                                                        Mora",https://github.com/ottomorac
"Paolo
                                    
                                                                                                        De Rosa",https://github.com/paolo-de-rosa
"Patrick
                                    
                                                                                                        St-Louis",
"Patrick D F
                                    
                                                                                                        Ion",https://github.com/pdfion
"Paul
                                    
                                                                                                        Grenier",https://github.com/AutoSponge
"Paul
                                    
                                                                                                        Libbrecht",https://github.com/polx
"Paul
                                    
                                                                                                        Rayius",https://github.com/PaulRayius
"Pavlina
                                    
                                                                                                        Fragkou",
"Pavlo
                                    
                                                                                                        Buidenkov",https://github.com/pavlobu
"Peter
                                    
                                                                                                        Krautzberger",https://github.com/pkra
"Peter
                                    
                                                                                                        Linss",https://github.com/plinss
"Peter
                                    
                                                                                                        Patel-Schneider",https://github.com/pfps
"Peter
                                    
                                                                                                        Perlepes",https://github.com/igneel64
"Peter
                                    
                                                                                                        Winstanley",https://github.com/pwin
"Phil
                                    
                                                                                                        Day",https://github.com/pday1
"Phil
                                    
                                                                                                        Smart",https://github.com/philsmart
"Philip
                                    
                                                                                                        Laszkowicz",
"Philipp-Alexander
                                    
                                                                                                        Blum",https://github.com/Citrullin
"Poh
                                    
                                                                                                        Hendry",
"Poornima
                                    
                                                                                                        Badhan Subramanian",https://github.com/PoornimaSubramanian
"Rachel
                                    
                                                                                                        Yager",https://github.com/rachelyager-nyc
"Rachele
                                    
                                                                                                        DiTullio",https://github.com/racheleditullio
"Radostina (Ina)
                                    
                                                                                                        Tsvetkova",
"Raja
                                    
                                                                                                        Kushalnagar",https://github.com/raja-kushalnagar-gallaudet
"Rashmi
                                    
                                                                                                        Katakwar",https://github.com/RashmiKatakwar
"Rebecca
                                    
                                                                                                        Monteleone",
"Riccardo
                                    
                                                                                                        Albertoni",https://github.com/riccardoAlbertoni
"Rick
                                    
                                                                                                        Waldron",
"Rob
                                    
                                                                                                        Smith",https://github.com/rjksmith
"Rob
                                    
                                                                                                        van Eijk",https://github.com/rvaneijk
"Rob
                                    
                                                                                                        Whitaker",https://github.com/rwapp
"Robert
                                    
                                                                                                        Warren",https://github.com/oldskeptic
"Roberto
                                    
                                                                                                        Scano",https://github.com/rscano
"Romain
                                    
                                                                                                        Menke",https://github.com/romainmenke
"Rose
                                    
                                                                                                        Newell",https://github.com/codewordcreative
"Roxana
                                    
                                                                                                        Geambasu",
"Russell
                                    
                                                                                                        Galvin",https://github.com/russellgalvin
"Ryan
                                    
                                                                                                        Sholin",https://github.com/ryansholin
"Sam
                                    
                                                                                                        Dooley",https://github.com/samdooley
"Sam
                                    
                                                                                                        Kanta",https://github.com/samkanta
"Sam
                                    
                                                                                                        Ogami",https://github.com/samogami
"Samuel
                                    
                                                                                                        Smith",https://github.com/SmithSamuelM
"Samuel
                                    
                                                                                                        Weiler",https://github.com/samuelweiler
"Samuel
                                    
                                                                                                        Weinig",https://github.com/weinig
"Sarah
                                    
                                                                                                        Horton",https://github.com/gradualclearing
"Sarven
                                    
                                                                                                        Capadisli",https://github.com/csarven
"Savita
                                    
                                                                                                        Farooqui",
"Scott
                                    
                                                                                                        Henninger",https://github.com/scotthenninger
"Sean
                                    
                                                                                                        Turner",https://github.com/seanturner
"Sebastian
                                    
                                                                                                        Crane",https://github.com/seabass-labrax
"Sebastian
                                    
                                                                                                        Zartner",https://github.com/SebastianZ
"Sebastian
                                    
                                                                                                        Zimmeck",https://github.com/SebastianZimmeck
"Serge
                                    
                                                                                                        Egelman",
"Shane
                                    
                                                                                                        Herath",https://github.com/ShaneHt1000
"Shaun
                                    
                                                                                                        Conway",https://github.com/ig-shaun
"Shawn
                                    
                                                                                                        Thompson",https://github.com/shawnthompson
"Sheri
                                    
                                                                                                        Byrne-Haber",https://github.com/sheribyrne
"Siddhesh
                                    
                                                                                                        Wagle",https://github.com/systemstree
"Silvia
                                    
                                                                                                        Pfeiffer",https://github.com/silviapfeiffer
"Sorca
                                    
                                                                                                        Duffy",
"Stacey
                                    
                                                                                                        Swinehart Ganderson",https://github.com/swinehartganderson
"Stefan
                                    
                                                                                                        Brandmair",https://github.com/stefnotch
"Steffen
                                    
                                                                                                        Larssen",https://github.com/stelar7
"Stephen
                                    
                                                                                                        Curran",https://github.com/swcurran
"Stephen
                                    
                                                                                                        Watt",
"Steven
                                    
                                                                                                        De Costa",https://github.com/Starl3n
"Steven
                                    
                                                                                                        Hoober",https://github.com/shoobe01
"Susan
                                    
                                                                                                        Neuhaus",https://github.com/sueneu
"Susana
                                    
                                                                                                        Pallero",https://github.com/susipalleroarguello
"Susannah
                                    
                                                                                                        Hill",https://github.com/susannah-hill
"Sylvain
                                    
                                                                                                        Grellet",https://github.com/sgrellet
"Tatsuo
                                    
                                                                                                        Kobayashi",https://github.com/tlk714
"Tavmjong
                                    
                                                                                                        Bah",https://github.com/Tavmjong
"Ted
                                    
                                                                                                        Hardie",https://github.com/hardie
"Thomas
                                    
                                                                                                        Jones",https://github.com/TomCJones
"Thomas
                                    
                                                                                                        Pellissier Tanon",https://github.com/Tpt
"Thorsten
                                    
                                                                                                        Jonas",
"Tianqi
                                    
                                                                                                        Chen",https://github.com/tqchen
"Tiffany
                                    
                                                                                                        Burtin",https://github.com/t-burtin
"Tim
                                    
                                                                                                        Cowlishaw",
"Tim
                                    
                                                                                                        Frick",https://github.com/timfrick
"Tim
                                    
                                                                                                        Gravemaker",
"Tim
                                    
                                                                                                        Kadlec",
"Todd
                                    
                                                                                                        Libby",https://github.com/colabottles
"Tomasz
                                    
                                                                                                        Jakut",https://github.com/Comandeer
"Torbjörn
                                    
                                                                                                        Lahrin",
"Toshi
                                    
                                                                                                        Kobayashi",https://github.com/KobayashiToshi
"Travis
                                    
                                                                                                        Leithead",https://github.com/travisleithead
"Tristan
                                    
                                                                                                        Nitot",https://github.com/nitot
"Umar
                                    
                                                                                                        Iqbal",
"Veronica
                                    
                                                                                                        Cristiano",https://github.com/verocri
"Victor
                                    
                                                                                                        Lu",https://github.com/victorjunlu
"Victoria
                                    
                                                                                                        Clark",
"Vladimir
                                    
                                                                                                        Levantovsky",https://github.com/vlevantovsky
"Wendy
                                    
                                                                                                        Reid",https://github.com/reidmore-online
"Wendy
                                    
                                                                                                        Seltzer",https://github.com/wseltzer
"Wenhe
                                    
                                                                                                        Li",
"Wilhelm
                                    
                                                                                                        Joys Andersen",https://github.com/wilhelm
"William
                                    
                                                                                                        Brown",https://github.com/Firstyear
"William
                                    
                                                                                                        Kilian",https://github.com/willkil
"William
                                    
                                                                                                        Van Woensel",https://github.com/william-vw
"Xiaoshen
                                    
                                                                                                        X",https://github.com/l-xiaoshen
"Xu
                                    
                                                                                                        Lin",https://github.com/xlin29
"Yasuo
                                    
                                                                                                        Kida",https://github.com/kidayasuo
"Yuqing
                                    
                                                                                                        Yang",
"Yuriy
                                    
                                                                                                        Ackermann",https://github.com/yackermann
"Zachary
                                    
                                                                                                        Kinsey",https://github.com/zakkinsey
"Zahra
                                    
                                                                                                        Ebadi Ansaroudi",https://github.com/ZAnsaroudi
"Zhaoyi
                                    
                                                                                                        Shen",https://github.com/Joci-s
"Zoltan
                                    
                                                                                                        Kis",https://github.com/zolkis
"Zoë
                                    
                                                                                                        Bijl",https://github.com/ZoeBijl
"Łukasz
                                    
                                                                                                        Mastalerz",
